name,position,height_in,weight,sprint_speed,avg_hit_speed,brl_percent,WAR,wRC+,wOBA,BB%,K%,Hard%,WAR_z
Bobby Witt Jr.,SS,73,200,30.5,92.7,14.3,10.5,169.0,0.41,0.08,0.15,0.353,3.196394799093938
Johan Rojas,CF,71,165,30.1,85.7,2.5,1.1,66.0,0.265,0.036,0.19,0.231,-0.23230368765783457
Elly De La Cruz,SS,78,200,30.0,91.8,12.7,6.6,119.0,0.349,0.099,0.313,0.37,1.673566936002877
Tyler Fitzgerald,2B,74,214,30.0,87.7,8.2,3.0,132.0,0.357,0.065,0.317,0.237,0.977055274922428
Pete Crow-Armstrong,CF,72,184,30.0,88.9,7.4,2.6,86.0,0.289,0.051,0.239,0.253,0.7859105277255319
Victor Scott II,CF,70,190,30.0,88.4,5.7,-0.4,40.0,0.221,0.039,0.271,0.305,-1.250517903041201
Jorge Mateo,SS,72,200,29.9,88.1,4.0,0.8,87.0,0.286,0.048,0.231,0.309,-0.5911514244915209
Jose Siri,OF,74,210,29.9,87.5,14.7,1.8,78.0,0.271,0.069,0.379,0.353,1.6614438915550218
Garrett Hampson,2B,70,196,29.8,86.0,4.4,0.5,60.0,0.255,0.061,0.255,0.266,-0.7036590741413816
Jeremy Peña,SS,72,202,29.8,88.2,5.4,2.7,99.0,0.305,0.038,0.171,0.266,0.1507390729118164
Jonny DeLuca,CF,70,195,29.8,84.6,3.9,0.8,77.0,0.269,0.066,0.213,0.268,-0.4359465307345079
Wyatt Langford,LF,72,225,29.8,89.6,9.3,3.1,111.0,0.321,0.092,0.206,0.349,1.0184711403864346
Jake McCarthy,CF,72,215,29.8,84.5,2.7,3.0,110.0,0.329,0.063,0.158,0.1989999999999999,1.0574343184944297
Evan Carter,CF,74,190,29.7,86.0,5.9,0.1,81.0,0.278,0.093,0.265,0.314,-0.911113164580079
Jacob Young,CF,71,192,29.7,85.8,1.6,2.7,84.0,0.29,0.0579999999999999,0.196,0.205,0.8537914754177565
Jackson Chourio,CF,73,199,29.7,89.7,7.8,3.9,118.0,0.339,0.068,0.211,0.359,1.6683628477244494
Byron Buxton,CF,73,190,29.7,91.7,13.2,3.7,140.0,0.366,0.052,0.255,0.372,1.5326009523400008
Dairon Blanco,CF,72,200,29.6,89.0,7.8,0.5,96.0,0.306,0.061,0.242,0.344,-0.6395893738111812
Blake Perkins,CF,72,185,29.6,88.8,3.9,1.6,84.0,0.288,0.0969999999999999,0.249,0.281,0.1071010508032876
Jarren Duran,LF,72,205,29.6,90.8,9.3,6.8,131.0,0.357,0.073,0.218,0.34,3.095213395583222
Trea Turner,SS,73,185,29.6,89.1,6.9,3.9,123.0,0.349,0.05,0.182,0.3379999999999999,0.6193014923244503
Julio Rodríguez,CF,76,228,29.6,91.7,10.2,3.9,116.0,0.321,0.062,0.254,0.366,1.6683628477244494
Corbin Carroll,RF,70,165,29.6,89.3,7.2,4.3,107.0,0.325,0.107,0.19,0.331,1.3553085680353008
Garrett Mitchell,CF,74,229,29.5,88.8,8.7,1.9,127.0,0.351,0.1119999999999999,0.317,0.291,0.31074389387996076
Derek Hill,CF,72,206,29.5,88.3,11.0,0.2,89.0,0.296,0.0289999999999999,0.326,0.312,-0.8432322168878545
David Hamilton,2B,70,192,29.4,87.0,5.6,1.6,94.0,0.305,0.069,0.252,0.252,0.035855239446694685
Brice Turang,2B,72,190,29.3,87.0,2.4,2.6,88.0,0.294,0.081,0.17,0.26,0.7081409790722185
Sal Frelick,RF,69,191,29.3,83.4,0.8,1.5,87.0,0.292,0.074,0.149,0.183,0.07253764166949472
Brenton Doyle,CF,75,220,29.3,89.2,10.5,3.6,97.0,0.328,0.076,0.254,0.367,1.4647200046477764
Lane Thomas,CF,71,195,29.3,88.8,7.4,1.4,99.0,0.309,0.083,0.259,0.335,-0.028660844581161388
Parker Meadows,CF,77,205,29.3,87.0,7.7,2.2,110.0,0.321,0.084,0.255,0.286,0.5143867369566343
Nick Gonzales,2B,68,193,29.2,87.9,7.9,1.3,94.0,0.307,0.047,0.191,0.307,-0.1658304824409625
Edmundo Sosa,2B,71,210,29.2,89.2,8.6,1.9,102.0,0.318,0.047,0.241,0.371,0.23754096133435174
Oliver Dunn,3B,70,207,29.1,89.1,5.4,0.1,69.0,0.266,0.0579999999999999,0.385,0.3389999999999999,-0.6448215517021803
Stuart Fairchild,RF,71,205,29.1,85.5,7.9,0.3,79.0,0.288,0.073,0.258,0.309,-0.47722132677299356
Bryson Stott,2B,72,200,29.1,87.0,3.6,1.8,87.0,0.296,0.093,0.163,0.28,0.17031238737179943
Amed Rosario,3B,73,227,29.0,86.9,4.6,0.2,96.0,0.299,0.026,0.211,0.25,-0.5859874685176749
Jordan Westburg,3B,73,210,29.0,91.1,11.8,2.7,124.0,0.34,0.049,0.217,0.411,0.8848646110949626
Whit Merrifield,2B,73,195,29.0,84.1,2.4,0.5,79.0,0.283,0.104,0.155,0.233,-0.7036590741413816
Tyrone Taylor,CF,72,218,28.9,87.3,7.1,1.0,97.0,0.304,0.055,0.2319999999999999,0.311,-0.30018463535005907
Luke Raley,RF,75,235,28.9,90.1,11.0,2.3,129.0,0.339,0.059,0.297,0.322,0.43904362063115354
Romy Gonzalez,1B,72,215,28.9,92.3,8.3,0.2,98.0,0.311,0.0559999999999999,0.2689999999999999,0.428,-0.4731848267578478
Mike Trout,RF,73,235,28.9,89.2,17.1,0.9,140.0,0.365,0.127,0.214,0.341,-0.20234184255174942
Jake Meyers,CF,72,200,28.9,88.2,6.8,1.9,85.0,0.285,0.068,0.228,0.299,0.31074389387996076
Andrés Giménez,2B,71,161,28.9,86.3,2.8,2.7,83.0,0.281,0.0409999999999999,0.153,0.24,0.775369553034771
Gunnar Henderson,SS,75,220,28.9,92.8,11.2,7.9,154.0,0.381,0.108,0.221,0.434,2.1811762236998975
Oneil Cruz,CF,79,248,28.8,95.5,15.7,3.6,110.0,0.331,0.085,0.302,0.415,1.4647200046477764
Luis Robert Jr.,CF,74,225,28.8,90.1,9.9,0.6,84.0,0.285,0.066,0.332,0.303,-0.5717084261189568
Sam Hilliard,LF,77,236,28.8,94.6,14.8,0.7,106.0,0.342,0.089,0.354,0.409,-0.3286049170385088
Will Benson,LF,76,230,28.8,89.4,11.5,-0.6,76.0,0.285,0.103,0.397,0.3389999999999999,-1.0582711148103532
Ezequiel Duran,SS,70,185,28.8,87.1,3.4,0.2,75.0,0.27,0.049,0.221,0.262,-0.8254326341978379
Matt Vierling,CF,73,205,28.8,89.8,7.5,2.3,107.0,0.317,0.072,0.213,0.2789999999999999,0.5822676846488585
James Outman,CF,74,215,28.8,87.6,4.9,-0.3,53.0,0.242,0.103,0.353,0.395,-1.1826369553489768
Masyn Winn,SS,69,185,28.8,87.0,3.7,3.6,104.0,0.315,0.064,0.171,0.263,0.502160887471292
Ceddanne Rafaela,CF,70,165,28.8,86.6,7.5,1.0,81.0,0.286,0.026,0.264,0.254,-0.30018463535005907
Jo Adell,CF,74,215,28.8,89.8,11.7,0.1,91.0,0.296,0.078,0.2789999999999999,0.316,-0.911113164580079
Noelvi Marte,OF,74,216,28.8,87.0,6.5,-1.4,48.0,0.243,0.037,0.31,0.297,-0.7971089190697502
Kevin Kiermaier,CF,73,210,28.7,86.4,3.9,0.3,54.0,0.241,0.043,0.306,0.254,-0.7753512691956301
Zack Gelof,2B,74,205,28.7,89.2,8.8,1.4,82.0,0.276,0.069,0.344,0.284,-0.0986019084784102
Otto Lopez,2B,70,185,28.7,88.0,5.1,2.5,92.0,0.302,0.0579999999999999,0.173,0.31,0.6409124051096661
Tyler Wade,2B,72,188,28.7,83.7,1.8,-0.3,56.0,0.242,0.071,0.186,0.177,-1.2414876658418008
Joey Ortiz,SS,70,192,28.7,87.8,4.6,3.2,105.0,0.319,0.11,0.2019999999999999,0.301,0.34597341433374723
Chas McCormick,LF,71,208,28.7,86.2,7.5,-0.2,65.0,0.257,0.064,0.27,0.287,-0.8337584385728625
Estevan Florial,LF,73,195,28.7,88.7,10.3,0.1,80.0,0.277,0.099,0.369,0.31,-0.6653739313947445
Matt Chapman,3B,73,220,28.7,93.2,12.6,5.5,121.0,0.34,0.099,0.244,0.375,2.532218940261117
Miguel Vargas,3B,74,225,28.6,86.2,4.6,-1.0,46.0,0.233,0.105,0.241,0.25,-1.2919964667317407
Blaze Alexander,SS,71,160,28.6,88.5,3.4,-0.1,89.0,0.298,0.081,0.265,0.314,-0.9425732390509964
Mickey Moniak,RF,73,195,28.6,88.1,9.3,0.1,80.0,0.281,0.05,0.273,0.3229999999999999,-0.5688478215134083
Anthony Volpe,SS,70,197,28.6,87.7,3.9,3.5,87.0,0.287,0.061,0.226,0.247,0.4631140191869057
Jose Iglesias,2B,71,195,28.6,85.8,2.2,2.5,136.0,0.362,0.0409999999999999,0.134,0.254,0.6409124051096661
Teoscar Hernández,RF,72,215,28.6,90.6,14.9,3.4,132.0,0.36,0.081,0.288,0.363,0.9429893417034345
Jazz Chisholm Jr.,2B,71,184,28.6,89.7,9.7,4.0,111.0,0.327,0.085,0.245,0.34,1.6493410145479517
CJ Abrams,SS,72,191,28.5,88.2,6.9,1.8,106.0,0.322,0.066,0.213,0.335,-0.20068274164765917
Marcus Semien,2B,72,195,28.5,87.4,6.6,4.3,101.0,0.306,0.089,0.146,0.326,1.8510267364356088
Heston Kjerstad,LF,74,205,28.5,90.2,6.1,0.3,115.0,0.327,0.088,0.289,0.288,-0.5531175932759993
Jackson Merrill,CF,74,195,28.5,90.4,11.3,5.3,130.0,0.352,0.049,0.17,0.355,2.6186961154155917
Dane Myers,CF,72,205,28.5,89.9,11.5,0.7,113.0,0.335,0.074,0.3329999999999999,0.361,-0.5038274784267324
Leody Taveras,OF,74,195,28.5,89.0,5.9,1.2,84.0,0.282,0.079,0.212,0.285,1.200465239562877
Cavan Biggio,1B,72,200,28.5,82.0,2.5,0.1,84.0,0.285,0.107,0.321,0.161,-0.5395967322677212
Michael A. Taylor,RF,76,215,28.5,89.3,11.6,0.4,50.0,0.242,0.077,0.35,0.355,-0.4314080794027862
Jared Triolo,SS,75,212,28.5,88.4,5.3,0.4,72.0,0.275,0.094,0.265,0.281,-0.7473388976290656
Daulton Varsho,CF,68,207,28.5,86.1,6.2,3.2,99.0,0.304,0.094,0.267,0.296,1.1931962138788785
Cristian Pache,OF,74,215,28.5,89.9,4.9,0.0,56.0,0.25,0.093,0.35,0.353,0.27850793557858744
Christian Yelich,LF,76,220,28.5,91.1,7.9,3.0,154.0,0.391,0.127,0.184,0.36,0.9623429713270619
Travis Jankowski,RF,75,195,28.5,85.4,0.7,-0.2,50.0,0.234,0.0579999999999999,0.213,0.205,-0.7062875636240303
Corey Julks,LF,71,220,28.5,84.9,3.2,-0.6,66.0,0.26,0.079,0.265,0.242,-1.0582711148103532
Josh Lowe,RF,75,220,28.4,90.8,10.3,1.0,98.0,0.299,0.083,0.318,0.3279999999999999,-0.15652859518154208
Zach McKinstry,3B,71,180,28.4,88.0,4.3,1.0,74.0,0.27,0.074,0.212,0.287,-0.11531480304163087
Jung Hoo Lee,CF,72,196,28.4,89.1,4.5,0.1,83.0,0.284,0.063,0.0819999999999999,0.299,-0.911113164580079
Connor Wong,C,70,190,28.4,86.5,6.3,1.1,112.0,0.33,0.057,0.2339999999999999,0.271,-0.07413292232431158
J.T. Realmuto,C,72,212,28.4,89.2,10.4,2.0,107.0,0.326,0.065,0.247,0.358,0.5314760277404494
Nico Hoerner,2B,71,200,28.4,85.7,1.2,3.8,102.0,0.313,0.069,0.103,0.204,1.5148838666228468
Ernie Clement,3B,72,170,28.4,85.5,3.8,2.1,94.0,0.297,0.024,0.091,0.247,0.5318601119879296
Xavier Edwards,SS,69,175,28.4,86.1,1.8,2.2,129.0,0.359,0.109,0.172,0.266,-0.04449526851011445
Jordan Walker,RF,78,250,28.4,91.2,9.5,-0.6,72.0,0.268,0.0559999999999999,0.281,0.362,-0.8895405531048598
Kevin Pillar,LF,72,210,28.4,84.6,3.7,0.6,89.0,0.293,0.051,0.22,0.301,-0.3847330860978814
Daz Cameron,RF,72,185,28.4,91.6,8.3,-0.4,70.0,0.258,0.07,0.2739999999999999,0.372,-0.7979140583644451
Fernando Tatis Jr.,RF,75,217,28.4,93.5,14.5,3.3,135.0,0.359,0.073,0.2189999999999999,0.389,0.8971760943332271
Cody Bellinger,LF,75,204,28.4,87.8,6.3,2.1,108.0,0.322,0.079,0.156,0.273,0.45718944979270826
Jack Suwinski,RF,73,217,28.3,88.9,8.8,-1.1,62.0,0.26,0.0969999999999999,0.285,0.335,-1.1186067899558967
Michael Siani,CF,71,195,28.3,84.4,2.3,1.1,64.0,0.257,0.063,0.275,0.183,-0.23230368765783457
Jake Fraley,RF,71,206,28.3,84.3,3.2,1.0,96.0,0.314,0.068,0.183,0.216,-0.15652859518154208
Ha-Seong Kim,SS,70,200,28.3,87.9,4.8,2.6,101.0,0.308,0.123,0.1639999999999999,0.252,0.1116922046274302
Seiya Suzuki,RF,71,182,28.3,91.7,11.5,3.5,137.0,0.365,0.108,0.2739999999999999,0.385,0.9888025890736419
Austin Martin,CF,70,185,28.3,87.2,1.1,-0.2,92.0,0.297,0.078,0.183,0.271,-1.1147560076567522
Cedric Mullins,CF,67,175,28.3,87.1,4.9,2.1,104.0,0.31,0.0819999999999999,0.196,0.249,0.44650578926440976
Michael Harris II,CF,71,195,28.3,90.5,10.0,2.0,99.0,0.312,0.049,0.2,0.364,0.3786248415721853
José Caballero,SS,69,190,28.3,83.7,5.1,1.9,83.0,0.277,0.0559999999999999,0.275,0.266,-0.16163587336327306
Colton Cowser,LF,75,220,28.2,90.5,13.6,3.9,119.0,0.331,0.093,0.307,0.367,1.4674964928614156
José Ramírez,3B,68,190,28.2,89.2,8.6,6.4,141.0,0.364,0.079,0.12,0.349,3.0617256889216664
Brandon Marsh,CF,74,215,28.2,91.6,10.0,2.3,107.0,0.326,0.105,0.324,0.381,0.5822676846488585
Harrison Bader,LF,71,219,28.2,87.2,6.4,1.2,85.0,0.285,0.048,0.217,0.265,-0.04796407174164558
Tyler Freeman,RF,71,190,28.2,87.7,3.2,0.4,84.0,0.283,0.073,0.138,0.247,-0.4314080794027862
Austin Slater,LF,73,205,28.2,88.2,3.3,-0.2,76.0,0.273,0.123,0.283,0.298,-0.8337584385728625
Kyle Stowers,LF,74,215,28.2,91.0,10.9,-0.7,68.0,0.265,0.062,0.354,0.37,-1.1143992838697256
Zach Neto,SS,71,185,28.2,88.5,8.4,3.5,115.0,0.33,0.065,0.233,0.327,0.4631140191869057
Will Brennan,RF,71,205,28.2,86.0,4.6,0.5,98.0,0.303,0.054,0.136,0.258,-0.3855948320325789
Spencer Steer,1B,69,185,28.2,88.0,6.4,1.5,98.0,0.316,0.11,0.209,0.3329999999999999,0.39016994487050616
Nolan Jones,RF,76,195,28.1,88.2,5.9,-0.8,69.0,0.287,0.121,0.306,0.331,-0.9811670478452746
George Springer,RF,73,220,28.1,87.5,9.3,1.1,94.0,0.298,0.098,0.187,0.303,-0.11071534781133467
Adam Duvall,LF,73,233,28.1,86.9,10.7,-1.0,59.0,0.252,0.064,0.3,0.341,-1.2827837910478437
José Tena,3B,70,195,28.1,91.2,8.3,0.0,82.0,0.286,0.042,0.244,0.35,-0.7036556348866858
Ezequiel Tovar,SS,72,162,28.1,88.8,9.0,3.7,94.0,0.324,0.033,0.288,0.362,0.5412077557556781
Randy Arozarena,LF,70,185,28.1,90.4,8.3,2.0,114.0,0.32,0.113,0.261,0.341,0.4010612807333356
Logan O'Hoppe,C,74,225,28.1,90.4,12.0,2.1,102.0,0.311,0.063,0.297,0.39,0.5987659110809785
Chris Taylor,CF,72,196,28.1,85.9,7.1,-0.6,73.0,0.272,0.114,0.309,0.321,-1.38627979842565
Trevor Story,SS,73,209,28.1,86.1,6.6,0.7,103.0,0.318,0.104,0.311,0.213,-0.6301982927759071
Harold Ramírez,RF,71,232,28.0,87.0,3.2,-0.6,72.0,0.265,0.02,0.203,0.217,-0.8895405531048598
Thairo Estrada,2B,70,185,28.0,86.2,4.8,0.4,64.0,0.256,0.026,0.1989999999999999,0.283,-0.770887648103934
Miles Mastrobuoni,3B,69,185,28.0,87.4,2.4,-0.4,35.0,0.214,0.066,0.16,0.244,-0.9389919676247077
Brandon Nimmo,LF,73,206,28.0,91.9,9.1,2.8,108.0,0.321,0.1159999999999999,0.238,0.356,0.8500866332083166
Alex Call,RF,71,189,28.0,88.0,5.0,1.2,167.0,0.412,0.106,0.168,0.3379999999999999,-0.06490210044112737
Jonathan India,2B,70,200,28.0,87.2,7.7,2.9,109.0,0.333,0.126,0.196,0.297,0.9098267009598756
Casey Schmitt,3B,72,215,28.0,89.2,8.4,0.4,109.0,0.323,0.035,0.221,0.361,-0.46831930214866385
Dylan Moore,2B,73,205,28.0,88.4,8.8,2.4,106.0,0.306,0.12,0.2789999999999999,0.307,0.5736838311471136
Hunter Goodman,C,71,210,28.0,88.2,12.8,-1.2,61.0,0.274,0.036,0.286,0.349,-1.621800239156479
Garrett Stubbs,C,69,170,28.0,79.7,0.0,0.3,61.0,0.258,0.091,0.267,0.13,-0.6124519890485437
Bryan Reynolds,RF,74,210,28.0,89.9,9.6,2.2,118.0,0.343,0.0819999999999999,0.225,0.345,0.39323037326094634
Ian Happ,LF,70,205,27.9,90.8,11.7,3.6,121.0,0.341,0.122,0.256,0.377,1.2991119856832978
Willi Castro,LF,72,206,27.9,87.4,7.0,2.9,106.0,0.317,0.08,0.236,0.312,0.9062148022676892
Abraham Toro,1B,72,223,27.9,87.2,4.3,0.7,87.0,0.283,0.055,0.17,0.249,-0.14112529920848096
Maikel Garcia,3B,73,180,27.9,90.4,3.7,1.3,71.0,0.27,0.067,0.165,0.301,0.06118744651188564
Austin Riley,3B,73,225,27.9,93.3,14.9,2.4,116.0,0.338,0.079,0.252,0.421,0.708362361541446
Tommy Edman,2B,70,193,27.9,87.6,3.6,0.8,97.0,0.307,0.072,0.196,0.3329999999999999,-0.5019733522537244
Jarred Kelenic,RF,71,206,27.9,89.8,9.9,0.5,87.0,0.294,0.071,0.296,0.392,-0.3855948320325789
Jake Burger,1B,72,230,27.9,91.3,12.3,1.4,107.0,0.325,0.054,0.259,0.3779999999999999,0.3237580393606327
Kyle Isbel,CF,70,190,27.9,88.1,3.9,1.5,82.0,0.286,0.063,0.207,0.268,0.03922010311106311
Heliot Ramos,LF,71,235,27.9,91.5,14.5,2.3,120.0,0.339,0.071,0.261,0.317,0.5694457879114534
Richie Palacios,LF,68,185,27.9,86.2,3.5,1.3,101.0,0.303,0.142,0.212,0.207,0.008164097317727107
MJ Melendez,LF,72,190,27.8,91.1,8.4,-0.2,86.0,0.292,0.078,0.251,0.344,-0.8337584385728625
Ramón Laureano,RF,69,203,27.8,89.2,12.6,0.9,108.0,0.324,0.049,0.311,0.314,-0.20234184255174942
Ryan O'Hearn,1B,74,220,27.8,89.6,6.9,1.6,118.0,0.33,0.093,0.14,0.34,0.4565818503803796
Luis Matos,RF,71,205,27.8,86.9,3.9,-0.8,60.0,0.25,0.032,0.154,0.283,-0.9811670478452746
Dansby Swanson,SS,72,190,27.8,89.4,9.2,4.2,97.0,0.307,0.091,0.243,0.31,0.736442097177609
Mark Canha,LF,73,200,27.8,88.4,3.3,0.8,101.0,0.31,0.11,0.208,0.272,-0.27247674797913607
Victor Robles,RF,72,193,27.8,86.7,6.2,3.1,141.0,0.357,0.071,0.18,0.252,0.8055495995928125
Alek Thomas,CF,69,175,27.8,91.2,7.6,-0.2,65.0,0.262,0.068,0.165,0.418,-1.1147560076567522
Patrick Wisdom,1B,74,220,27.8,90.9,15.8,-0.2,74.0,0.271,0.057,0.3389999999999999,0.287,-0.7388324487973414
Taylor Walls,SS,69,185,27.8,86.1,3.2,-0.2,60.0,0.245,0.123,0.266,0.253,-0.9816201073353826
Brett Wisely,2B,69,185,27.8,86.8,5.2,0.6,75.0,0.272,0.048,0.239,0.255,-0.6364305001788293
Edward Olivares,RF,73,190,27.8,86.8,6.4,-0.9,74.0,0.276,0.0819999999999999,0.1889999999999999,0.2339999999999999,-1.0269802952154818
Shea Langeliers,C,71,205,27.8,91.3,12.8,2.0,109.0,0.315,0.077,0.272,0.364,0.5314760277404494
Isiah Kiner-Falefa,SS,70,195,27.8,86.1,2.3,2.1,93.0,0.299,0.032,0.157,0.26,-0.08354213679450065
Colt Keith,2B,74,211,27.7,87.8,5.6,1.7,95.0,0.301,0.065,0.198,0.2789999999999999,0.10308381340924698
Kody Clemens,2B,72,200,27.7,89.4,7.1,0.1,90.0,0.301,0.042,0.242,0.3289999999999999,-0.972573369991591
Henry Davis,C,71,225,27.7,85.3,4.8,-0.7,31.0,0.213,0.107,0.369,0.177,-1.285350822453834
Nick Loftin,LF,71,180,27.7,83.6,3.1,-0.2,51.0,0.242,0.111,0.14,0.173,-0.8337584385728625
Ronald Acuña Jr.,RF,72,205,27.7,92.2,9.4,0.9,106.0,0.322,0.122,0.239,0.374,-0.20234184255174942
Robbie Grossman,LF,72,209,27.7,86.3,3.3,-0.5,83.0,0.283,0.139,0.237,0.263,-1.0021429457509805
Jake Cave,CF,72,200,27.7,87.5,5.2,-0.3,75.0,0.295,0.052,0.283,0.3229999999999999,-1.1826369553489768
Nick Ahmed,SS,73,201,27.7,84.9,3.0,0.5,59.0,0.248,0.048,0.2239999999999999,0.1939999999999999,-0.7082920293446794
Kerry Carpenter,RF,73,220,27.7,90.5,17.7,2.4,158.0,0.39,0.074,0.253,0.3329999999999999,0.4848568680013609
Jake Cronenworth,2B,71,187,27.7,88.6,7.8,2.1,105.0,0.315,0.093,0.18,0.309,0.37199810925945664
Riley Greene,LF,74,200,27.7,91.3,13.4,3.9,134.0,0.355,0.11,0.267,0.335,1.4674964928614156
Gavin Lux,LF,71,190,27.7,88.3,6.0,1.4,98.0,0.31,0.09,0.226,0.302,0.06429226637709967
Nick Gordon,SS,72,160,27.7,86.1,6.1,-0.7,70.0,0.271,0.04,0.244,0.25,-1.1768544487573134
Nick Allen,SS,67,166,27.6,84.4,1.3,-0.6,33.0,0.207,0.048,0.19,0.15,-1.1378075804729273
Andy Ibáñez,3B,70,205,27.6,88.1,4.9,0.7,86.0,0.287,0.061,0.258,0.307,-0.2918170525951474
Francisco Lindor,SS,70,190,27.6,90.9,13.6,7.7,137.0,0.363,0.081,0.184,0.366,2.103082487131125
Lawrence Butler,RF,75,210,27.6,91.1,11.0,3.1,130.0,0.345,0.078,0.239,0.37,0.8055495995928125
Josh Smith,SS,69,172,27.6,87.8,3.7,2.9,112.0,0.323,0.078,0.204,0.265,0.22883280948058865
Ryan Mountcastle,1B,75,220,27.6,90.8,8.8,1.4,107.0,0.316,0.053,0.225,0.3339999999999999,0.3237580393606327
JJ Bleday,CF,74,205,27.6,88.5,8.3,3.2,120.0,0.33,0.104,0.195,0.3279999999999999,1.1931962138788785
Andruw Monasterio,SS,71,195,27.6,88.1,9.4,-0.2,69.0,0.266,0.113,0.282,0.341,-0.9816201073353826
Korey Lee,C,72,225,27.6,88.3,7.5,-0.4,65.0,0.257,0.043,0.31,0.322,-1.0834811724322468
Brent Rooker,RF,75,225,27.6,91.9,16.6,5.1,164.0,0.392,0.096,0.288,0.386,1.7218145469969595
Wilyer Abreu,RF,70,215,27.5,91.6,11.1,3.1,116.0,0.336,0.089,0.28,0.344,0.8055495995928125
Javier Báez,CF,71,190,27.5,88.3,7.8,-0.7,41.0,0.224,0.042,0.239,0.272,-1.4541607461178745
Tyler O'Neill,RF,69,200,27.5,90.9,17.3,2.5,133.0,0.36,0.1119999999999999,0.336,0.346,0.5306701153715683
Matt Wallner,RF,76,220,27.5,92.8,17.5,2.0,154.0,0.385,0.092,0.364,0.405,0.3016038785205315
Randal Grichuk,RF,72,210,27.5,90.6,11.0,1.6,139.0,0.373,0.072,0.165,0.395,0.11835088903970213
Jorge Polanco,2B,72,208,27.5,88.3,8.9,0.3,93.0,0.287,0.098,0.292,0.309,-0.8381162220664864
Darell Hernaiz,3B,71,190,27.5,87.1,1.0,-0.5,50.0,0.23,0.081,0.2,0.2189999999999999,-0.9978260508092133
Nelson Velázquez,OF,71,190,27.5,88.2,8.8,-0.5,78.0,0.28,0.083,0.265,0.313,-0.10564094108153319
Vidal Bruján,3B,69,180,27.5,85.1,1.5,-0.3,74.0,0.276,0.09,0.1939999999999999,0.205,-0.8801578844402024
Christian Bethancourt,1B,75,205,27.5,89.1,7.6,0.2,66.0,0.263,0.034,0.245,0.295,-0.4731848267578478
Kevin Newman,3B,72,195,27.5,85.6,1.6,1.4,89.0,0.298,0.048,0.154,0.21,0.12002152969639106
Manuel Margot,RF,70,229,27.5,88.2,4.9,-0.2,78.0,0.276,0.061,0.157,0.283,-0.7062875636240303
Bryan De La Cruz,OF,72,175,27.5,89.6,9.3,-1.1,78.0,0.283,0.047,0.273,0.327,-0.566619593073678
Trey Lipscomb,3B,74,202,27.5,86.5,0.7,-0.9,45.0,0.231,0.076,0.19,0.204,-1.2331623835472352
Nick Castellanos,RF,75,203,27.4,88.4,8.1,0.2,104.0,0.321,0.062,0.211,0.33,-0.523034574143201
Oswaldo Cabrera,3B,72,200,27.4,88.2,3.7,1.0,89.0,0.29,0.064,0.193,0.27,-0.11531480304163087
Xander Bogaerts,SS,74,218,27.4,88.1,5.1,2.0,95.0,0.3,0.06,0.171,0.27,-0.12258900507888686
Vaughn Grissom,2B,74,210,27.4,86.1,4.9,-0.7,30.0,0.213,0.061,0.211,0.2319999999999999,-1.5104019616920101
Bryce Harper,1B,73,210,27.4,91.1,10.6,5.1,144.0,0.38,0.12,0.2189999999999999,0.395,2.780998543225948
Michael Toglia,1B,77,226,27.4,92.1,17.3,0.4,98.0,0.329,0.118,0.321,0.451,-0.34036101573810107
Christian Encarnacion-Strand,1B,73,224,27.4,87.8,8.4,-0.7,35.0,0.223,0.033,0.285,0.289,-1.0708919763467082
Nick Martini,RF,71,205,27.4,87.4,7.2,-0.5,72.0,0.279,0.055,0.233,0.225,-0.8437273057346525
Willy Adames,SS,72,216,27.4,88.6,12.0,4.8,120.0,0.342,0.108,0.251,0.325,0.9707233068839258
Jeimer Candelario,3B,73,222,27.4,86.9,8.2,-0.3,89.0,0.304,0.0579999999999999,0.246,0.282,-0.8801578844402024
Gabriel Arias,SS,73,217,27.4,89.7,7.9,-0.2,70.0,0.263,0.037,0.3289999999999999,0.317,-0.9816201073353826
Will Smith,C,70,195,27.4,89.4,10.8,2.6,109.0,0.326,0.094,0.193,0.344,0.9352153277836236
Charlie Blackmon,CF,75,221,27.4,84.8,5.2,0.0,93.0,0.323,0.086,0.172,0.286,-0.9789941122723034
Seth Brown,LF,73,223,27.4,90.0,8.4,-0.4,91.0,0.289,0.063,0.28,0.3329999999999999,-0.9460147766916077
Christopher Morel,LF,72,200,27.3,89.2,10.2,-1.0,81.0,0.28,0.1,0.26,0.336,-1.2827837910478437
Dylan Carlson,LF,73,200,27.3,86.8,2.5,-1.1,67.0,0.257,0.083,0.283,0.258,-1.3389119601072164
Nick Senzel,3B,72,217,27.3,84.0,5.7,-0.5,73.0,0.273,0.105,0.228,0.29,-0.9978260508092133
Bo Bichette,SS,71,190,27.3,89.2,4.4,0.3,70.0,0.264,0.06,0.19,0.305,-0.7863857659134518
Michael Busch,1B,71,210,27.3,89.9,11.2,2.2,118.0,0.336,0.111,0.286,0.308,0.8550532834396198
Lenyn Sosa,2B,71,210,27.3,89.0,6.1,0.1,81.0,0.28,0.033,0.209,0.278,-0.972573369991591
Josh Jung,3B,73,214,27.3,86.2,9.9,0.3,104.0,0.311,0.043,0.255,0.3279999999999999,-0.5271533853331694
Mauricio Dubón,2B,71,173,27.3,86.1,2.8,1.1,86.0,0.286,0.037,0.129,0.242,-0.30028763036606726
Rob Refsnyder,RF,71,215,27.3,89.6,9.7,1.3,132.0,0.358,0.091,0.254,0.303,-0.01908885307091997
Santiago Espinal,3B,69,185,27.3,85.9,1.9,0.0,76.0,0.285,0.061,0.138,0.206,-0.7036556348866858
Eddie Rosario,OF,72,180,27.3,91.0,5.3,-2.0,44.0,0.23,0.05,0.241,0.327,-1.258087571061895
Tommy Pham,LF,73,225,27.2,90.4,7.2,-0.1,92.0,0.297,0.073,0.222,0.319,-0.7776302695134899
Spencer Torkelson,1B,73,220,27.2,89.0,6.7,0.1,91.0,0.295,0.087,0.276,0.244,-0.5395967322677212
Iván Herrera,C,71,220,27.3,89.3,9.0,2.1,128.0,0.351,0.0969999999999999,0.205,0.36,0.5987659110809785
Ozzie Albies,2B,67,165,27.2,88.4,6.2,1.3,96.0,0.307,0.062,0.149,0.293,-0.1658304824409625
Jake Bauers,1B,72,216,27.2,89.4,10.3,0.1,88.0,0.294,0.113,0.341,0.337,-0.5395967322677212
Vladimir Guerrero Jr.,1B,72,245,27.2,93.8,13.7,5.3,164.0,0.398,0.103,0.138,0.412,2.9138223542456947
Jesús Sánchez,RF,75,222,27.2,92.5,12.2,1.6,101.0,0.317,0.076,0.261,0.385,0.11835088903970213
Brandon Lowe,2B,69,181,27.2,89.8,12.4,2.2,123.0,0.335,0.078,0.264,0.3779999999999999,0.4392266832220091
Davis Schneider,LF,68,190,27.2,88.6,12.0,0.4,80.0,0.277,0.104,0.317,0.337,-0.4969894242166267
Mike Tauchman,RF,73,215,27.2,89.0,7.4,1.0,110.0,0.325,0.134,0.2,0.297,-0.15652859518154208
Luis García Jr.,2B,73,216,27.2,89.1,8.0,3.0,110.0,0.328,0.051,0.163,0.318,0.977055274922428
Gabriel Moreno,C,69,195,27.2,90.0,6.6,2.5,107.0,0.325,0.1169999999999999,0.148,0.3279999999999999,0.8679254444430945
Jacob Wilson,SS,74,190,27.2,85.4,0.0,0.0,86.0,0.281,0.078,0.0969999999999999,0.238,-0.9035263707666102
Mike Yastrzemski,RF,70,180,27.2,90.4,10.5,1.7,106.0,0.319,0.08,0.262,0.337,0.16416413640990943
Jose Altuve,LF,66,167,27.1,86.5,6.5,3.9,127.0,0.344,0.069,0.174,0.285,1.4674964928614156
Yainer Diaz,C,71,195,27.1,90.2,7.6,3.0,116.0,0.329,0.039,0.173,0.319,1.2043748611457397
Ketel Marte,2B,72,210,27.1,94.0,12.3,6.3,152.0,0.391,0.111,0.182,0.43,3.1955982156866565
Tim Anderson,SS,72,185,27.1,86.1,1.8,-1.4,28.0,0.208,0.0289999999999999,0.282,0.273,-1.4501825267480166
Steven Kwan,LF,68,170,27.1,86.3,2.6,4.2,131.0,0.349,0.098,0.094,0.251,1.6358810000395336
Starling Marte,LF,72,195,27.1,89.8,6.9,0.6,103.0,0.313,0.073,0.2189999999999999,0.263,-0.3847330860978814
Willson Contreras,1B,72,240,27.1,91.6,11.2,2.7,141.0,0.37,0.126,0.268,0.385,1.1871128109889868
Nicky Lopez,3B,70,185,27.1,85.0,1.5,0.9,77.0,0.275,0.083,0.151,0.178,-0.17414888622613636
Jake Rogers,C,71,201,27.1,89.0,9.9,2.2,70.0,0.264,0.065,0.294,0.347,0.6660557944215076
Dominic Canzone,RF,72,190,27.1,89.9,11.1,0.1,88.0,0.28,0.096,0.282,0.308,-0.5688478215134083
Austin Hays,LF,70,200,27.1,88.9,6.7,0.2,97.0,0.303,0.035,0.231,0.358,-0.609245762335372
Sean Bouchard,RF,74,215,27.1,89.8,4.9,-0.5,55.0,0.266,0.111,0.306,0.344,-0.8437273057346525
Enrique Hernández,1B,70,195,27.0,89.6,4.8,0.6,82.0,0.285,0.069,0.196,0.353,-0.20753720471835432
Joey Bart,C,74,242,27.0,88.1,9.4,1.3,121.0,0.347,0.078,0.259,0.331,0.06044684435674642
Ryan Noda,1B,73,217,27.0,86.2,5.1,-0.6,44.0,0.223,0.126,0.3329999999999999,0.271,-1.0044800708368349
Josh Rojas,3B,73,200,27.0,88.2,5.7,1.9,92.0,0.286,0.0969999999999999,0.2269999999999999,0.3,0.41419194561891853
Brendan Donovan,2B,71,210,27.0,88.7,5.5,3.2,115.0,0.332,0.072,0.124,0.307,1.1115124228475328
Tyler Soderstrom,LF,74,200,27.0,91.9,14.6,0.3,114.0,0.322,0.094,0.249,0.38,-0.5531175932759993
Geraldo Perdomo,SS,74,203,27.0,87.0,3.1,2.0,102.0,0.317,0.093,0.149,0.251,-0.12258900507888686
DJ Stewart,RF,71,230,27.0,89.7,8.1,-0.2,88.0,0.29,0.16,0.247,0.342,-0.7062875636240303
Lars Nootbaar,LF,73,205,27.0,91.8,9.9,1.7,114.0,0.331,0.128,0.195,0.3879999999999999,0.23267677355521763
Curtis Mead,1B,73,225,26.9,88.8,4.3,-0.3,67.0,0.255,0.045,0.2269999999999999,0.301,-0.8052443543072147
Jerar Encarnacion,RF,76,265,26.9,95.0,15.0,-0.1,94.0,0.301,0.042,0.286,0.4379999999999999,-0.660474316253823
Jonah Bride,3B,71,200,26.9,87.1,5.4,1.1,124.0,0.351,0.11,0.2019999999999999,0.283,-0.05648071985712533
Brett Baty,3B,75,210,26.9,86.6,5.4,0.5,83.0,0.282,0.094,0.246,0.2319999999999999,-0.40948521896415835
Max Muncy,3B,70,215,26.9,90.2,10.8,2.3,133.0,0.362,0.154,0.263,0.331,0.6495282783569405
David Peralta,LF,73,210,26.9,88.1,5.5,0.5,115.0,0.329,0.085,0.208,0.319,-0.44086125515725405
Luis Rengifo,3B,69,204,26.9,87.0,2.5,1.5,118.0,0.335,0.053,0.145,0.3,0.1788556128808966
Connor Joe,RF,71,205,26.9,85.3,4.7,0.5,93.0,0.305,0.106,0.2189999999999999,0.233,-0.3855948320325789
Trent Grisham,CF,70,221,26.9,90.6,12.0,0.5,93.0,0.295,0.105,0.273,0.304,-0.6395893738111812
Ramón Urías,3B,69,185,26.9,88.3,8.7,0.9,114.0,0.325,0.076,0.183,0.294,-0.17414888622613636
Jorge Soler,RF,75,235,26.9,90.5,12.6,1.1,120.0,0.34,0.118,0.246,0.374,-0.11071534781133467
Adolis García,RF,72,205,26.8,91.0,12.5,-0.1,94.0,0.296,0.071,0.278,0.364,-0.660474316253823
Aaron Judge,RF,79,282,26.8,96.2,26.9,11.3,220.0,0.476,0.1889999999999999,0.243,0.477,4.562235883949817
Jason Heyward,LF,77,240,26.8,88.0,5.6,0.8,93.0,0.3,0.085,0.205,0.258,-0.27247674797913607
Juan Soto,RF,73,224,26.8,94.2,19.7,8.3,181.0,0.421,0.181,0.1669999999999999,0.43,3.1878384628435956
Andrew McCutchen,RF,70,190,26.8,88.5,12.0,0.5,106.0,0.325,0.113,0.258,0.341,-0.3855948320325789
Alex Kirilloff,RF,74,195,26.8,91.3,11.3,-0.3,82.0,0.282,0.084,0.264,0.409,-0.7521008109942378
Anthony Rendon,3B,73,200,26.8,87.9,2.3,-0.1,69.0,0.264,0.0969999999999999,0.147,0.297,-0.7624897180711914
Brayan Rocchio,SS,69,170,26.8,84.6,4.0,1.1,79.0,0.276,0.1,0.204,0.233,-0.47401081963836234
Max Kepler,LF,76,225,26.8,88.9,6.2,0.9,93.0,0.298,0.055,0.201,0.299,-0.21634857891976347
Carlos Correa,SS,75,220,26.8,90.3,9.2,4.2,154.0,0.385,0.109,0.166,0.332,0.736442097177609
Michael Massey,2B,72,195,26.8,89.2,7.1,1.6,104.0,0.317,0.042,0.157,0.3329999999999999,0.035855239446694685
J.P. Crawford,SS,72,202,26.8,87.5,6.5,1.6,90.0,0.283,0.115,0.226,0.289,-0.2787764782164315
Paul DeJong,3B,72,205,26.8,87.8,10.2,1.8,96.0,0.302,0.048,0.324,0.332,0.35535786243441314
Alex Jackson,C,73,238,26.8,86.7,9.1,-0.1,29.0,0.2,0.077,0.342,0.261,-0.8816115224106599
Taylor Ward,LF,72,200,26.8,90.9,13.0,2.8,112.0,0.325,0.095,0.246,0.4,0.8500866332083166
Garrett Cooper,1B,76,235,26.8,85.9,9.7,-0.4,58.0,0.253,0.06,0.302,0.278,-0.8716562598170882
Emmanuel Rivera,3B,72,225,26.7,89.7,7.9,0.3,86.0,0.291,0.086,0.228,0.386,-0.5271533853331694
Ildemaro Vargas,2B,71,202,26.7,87.0,1.2,0.0,72.0,0.271,0.063,0.102,0.239,-1.0398019439541435
Hunter Renfroe,RF,73,230,26.7,88.5,6.6,0.1,93.0,0.302,0.085,0.198,0.305,-0.5688478215134083
Nick Fortes,C,71,198,26.7,84.3,1.4,0.6,58.0,0.252,0.033,0.122,0.215,-0.41058233902695673
Alex Bregman,3B,70,190,26.7,89.1,6.4,4.2,117.0,0.331,0.069,0.136,0.299,1.767375858862545
Mookie Betts,SS,69,180,26.7,89.9,6.0,4.3,140.0,0.371,0.118,0.11,0.327,0.775488965461995
Alex Verdugo,LF,72,209,26.7,88.3,5.6,0.6,85.0,0.283,0.079,0.15,0.314,-0.3847330860978814
Adam Frazier,2B,70,190,26.7,84.5,2.9,-0.5,65.0,0.261,0.075,0.201,0.238,-1.3759448137669057
Austin Wells,C,73,220,26.7,88.4,9.1,3.5,107.0,0.315,0.114,0.21,0.3379999999999999,1.5408242778483847
Juan Yepez,1B,72,235,26.7,86.6,5.9,0.4,112.0,0.331,0.072,0.1689999999999999,0.271,-0.34036101573810107
Andrew Benintendi,LF,69,185,26.7,88.0,6.3,-0.1,93.0,0.298,0.079,0.184,0.307,-0.7776302695134899
Edouard Julien,2B,73,195,26.7,87.8,9.8,0.0,79.0,0.278,0.11,0.3389999999999999,0.2739999999999999,-1.0398019439541435
Gavin Sheets,LF,75,235,26.7,87.8,5.7,-0.8,88.0,0.291,0.086,0.212,0.282,-1.1705274529290983
Luis Torrens,C,71,217,26.6,89.6,6.6,0.8,89.0,0.292,0.069,0.215,0.396,-0.27600257234589864
Miguel Andujar,LF,72,211,26.6,86.1,2.7,0.4,103.0,0.306,0.0409999999999999,0.132,0.207,-0.4969894242166267
Gleyber Torres,2B,70,205,26.6,88.6,6.3,1.8,105.0,0.313,0.098,0.205,0.2689999999999999,0.17031238737179943
Bo Naylor,C,69,205,26.6,88.8,8.1,1.6,74.0,0.269,0.075,0.314,0.28,0.2623164943783335
Lourdes Gurriel Jr.,LF,75,215,26.6,88.4,6.7,2.1,108.0,0.327,0.052,0.183,0.321,0.45718944979270826
Royce Lewis,3B,72,200,26.6,87.1,11.2,1.1,106.0,0.317,0.086,0.228,0.345,-0.05648071985712533
Freddy Fermin,C,70,200,26.6,88.2,3.2,1.9,92.0,0.3,0.063,0.179,0.256,0.4641861443999204
Adley Rutschman,C,73,230,26.6,88.2,6.1,2.7,103.0,0.309,0.091,0.161,0.286,1.0025052111241526
Cal Raleigh,C,74,235,26.6,91.0,15.4,5.4,118.0,0.323,0.111,0.28,0.3939999999999999,2.8193320613184363
Danny Jansen,C,74,240,26.6,86.6,6.4,0.6,90.0,0.294,0.123,0.188,0.282,-0.41058233902695673
Tyler Stephenson,C,75,225,26.5,90.2,9.1,3.1,113.0,0.339,0.093,0.2269999999999999,0.319,1.2716647444862688
Eugenio Suárez,3B,71,213,26.5,89.1,11.3,3.9,115.0,0.337,0.077,0.275,0.365,1.5908736093090283
Riley Adams,C,76,263,26.5,89.9,7.2,-0.3,75.0,0.275,0.077,0.2689999999999999,0.2289999999999999,-1.0161912890917177
Joey Gallo,LF,76,250,26.5,90.5,13.1,-0.2,75.0,0.276,0.123,0.392,0.3929999999999999,-0.8337584385728625
Jurickson Profar,LF,71,184,26.5,91.1,7.2,4.3,139.0,0.365,0.114,0.151,0.321,1.692009169098906
TJ Friedl,CF,68,180,26.5,86.0,3.2,0.3,90.0,0.305,0.076,0.152,0.251,-0.7753512691956301
Danny Mendick,SS,70,195,26.5,83.8,6.1,-0.1,58.0,0.247,0.043,0.248,0.245,-0.9425732390509964
Rafael Devers,DH,72,235,26.5,93.2,13.0,4.2,136.0,0.364,0.111,0.245,0.409,1.1404840349795966
William Contreras,C,70,217,26.4,92.8,10.0,5.5,132.0,0.359,0.115,0.205,0.401,2.886621944658965
Junior Caminero,3B,73,220,26.4,89.7,11.8,0.7,105.0,0.309,0.062,0.215,0.291,-0.2918170525951474
Ke'Bryan Hayes,3B,71,215,26.4,88.9,2.4,0.1,60.0,0.256,0.0579999999999999,0.1889999999999999,0.238,-0.6448215517021803
Dominic Fletcher,RF,68,183,26.4,84.4,1.8,-0.8,43.0,0.227,0.046,0.241,0.226,-0.9811670478452746
Pavin Smith,1B,74,208,26.4,90.2,14.7,0.9,142.0,0.377,0.114,0.196,0.385,-0.008301488188734144
Nolan Schanuel,1B,74,220,26.4,86.1,3.5,0.7,105.0,0.315,0.1119999999999999,0.17,0.246,-0.14112529920848096
Tyler Nevin,3B,76,225,26.4,89.8,8.7,-0.4,82.0,0.276,0.09,0.23,0.245,-0.9389919676247077
Nathaniel Lowe,1B,76,220,26.4,88.9,5.8,2.9,123.0,0.337,0.126,0.221,0.296,1.3199366220087334
Andrew Vaughn,1B,70,215,26.3,90.3,9.3,-0.1,97.0,0.304,0.061,0.213,0.332,-0.672420543287468
Michael Conforto,LF,71,215,26.3,90.2,11.8,1.3,112.0,0.327,0.086,0.242,0.362,0.008164097317727107
Paul Goldschmidt,1B,74,225,26.3,91.2,10.7,1.2,100.0,0.31,0.072,0.265,0.4,0.19093422834088597
Ryan Jeffers,C,74,235,26.3,86.9,8.3,1.6,106.0,0.317,0.069,0.2019999999999999,0.317,0.2623164943783335
Jeff McNeil,2B,72,195,26.3,87.0,3.1,1.3,97.0,0.304,0.074,0.144,0.306,-0.1658304824409625
Alec Bohm,3B,76,218,26.3,90.4,6.8,3.4,113.0,0.335,0.066,0.142,0.365,1.296703193386501
Mark Vientos,3B,75,185,26.3,91.2,14.1,2.9,132.0,0.356,0.073,0.297,0.364,1.0025327774639734
Trevor Larnach,RF,75,223,26.3,92.0,10.1,1.4,119.0,0.336,0.1,0.223,0.384,0.026724394299287326
Mitch Haniger,RF,73,214,26.2,90.6,9.0,-0.5,85.0,0.277,0.095,0.298,0.349,-0.8437273057346525
David Fry,1B,73,215,26.2,88.3,7.5,1.7,129.0,0.347,0.107,0.214,0.31,0.5229937558902529
Nolan Gorman,2B,72,225,26.2,88.5,16.7,0.3,87.0,0.29,0.085,0.376,0.324,-0.8381162220664864
Christian Walker,1B,71,208,26.2,91.2,13.3,3.1,120.0,0.343,0.1,0.241,0.387,1.4527604330284802
Elehuris Montero,1B,75,235,26.2,89.5,7.6,-1.9,47.0,0.254,0.081,0.2269999999999999,0.327,-1.867834842465189
Enmanuel Valdez,1B,68,202,26.2,89.4,9.2,-0.6,73.0,0.275,0.076,0.238,0.307,-1.0044800708368349
DJ LeMahieu,2B,75,220,26.1,88.5,5.8,-0.5,53.0,0.239,0.083,0.154,0.295,-1.3759448137669057
Masataka Yoshida,LF,68,192,26.1,88.0,5.5,0.9,116.0,0.336,0.064,0.124,0.3229999999999999,-0.21634857891976347
Pete Alonso,1B,75,245,26.1,89.8,13.2,2.1,121.0,0.34,0.1009999999999999,0.247,0.349,0.7886413779297464
Jesse Winker,LF,74,206,26.1,88.6,7.6,1.4,118.0,0.338,0.124,0.209,0.31,0.06429226637709967
Yordan Alvarez,LF,76,237,26.1,93.1,14.5,5.2,167.0,0.402,0.109,0.15,0.41,2.19716269063326
Kyle Tucker,RF,75,212,26.0,91.1,12.9,4.2,179.0,0.419,0.165,0.159,0.347,1.3094953206650934
Anthony Santander,RF,73,230,26.0,89.8,11.7,3.2,128.0,0.345,0.087,0.1939999999999999,0.35,0.8513628469630199
Brandon Drury,3B,73,225,26.0,87.6,3.6,-2.1,35.0,0.217,0.075,0.225,0.267,-1.9391713817613012
Luis Urías,SS,69,202,26.0,87.1,11.7,0.2,108.0,0.309,0.083,0.312,0.267,-0.8254326341978379
Brendan Rodgers,2B,72,204,26.0,89.3,5.6,0.8,87.0,0.314,0.0579999999999999,0.245,0.29,-0.5019733522537244
Mitch Garver,C,73,220,26.0,89.9,8.4,-0.4,89.0,0.281,0.123,0.309,0.312,-1.0834811724322468
Carlos Santana,1B,70,210,25.9,89.2,7.3,2.9,113.0,0.326,0.109,0.1669999999999999,0.335,1.3199366220087334
Ryan McMahon,3B,74,211,25.9,92.1,10.9,1.9,88.0,0.315,0.107,0.287,0.389,0.41419194561891853
Kyle Farmer,2B,71,205,25.9,87.7,5.4,0.5,84.0,0.285,0.079,0.2019999999999999,0.304,-0.7036590741413816
Isaac Paredes,3B,71,213,25.9,85.0,4.5,3.3,116.0,0.327,0.119,0.1639999999999999,0.244,1.2378691102019954
Jose Miranda,3B,73,210,25.9,88.9,5.9,1.0,114.0,0.328,0.042,0.154,0.2769999999999999,-0.11531480304163087
Jon Singleton,1B,74,256,25.9,88.7,8.9,-0.1,104.0,0.312,0.1159999999999999,0.2739999999999999,0.259,-0.672420543287468
Manny Machado,3B,74,218,25.8,92.5,11.0,3.5,122.0,0.34,0.07,0.193,0.372,1.3555372765710065
Kyle Schwarber,LF,71,229,25.8,93.6,15.6,3.3,134.0,0.366,0.153,0.285,0.4429999999999999,1.1307274785051797
J.D. Martinez,DH,75,230,25.8,91.0,14.9,0.6,107.0,0.318,0.099,0.285,0.373,-0.4088527672568365
Austin Barnes,C,69,187,25.8,86.3,1.9,0.5,85.0,0.289,0.09,0.231,0.226,-0.4778722223674857
Miguel Rojas,2B,70,188,25.8,85.0,2.5,2.8,110.0,0.327,0.068,0.1009999999999999,0.2239999999999999,0.8425981269973232
Freddie Freeman,1B,76,220,25.8,89.4,9.1,3.9,136.0,0.365,0.122,0.157,0.324,1.9840556771074673
Francisco Alvarez,C,70,233,25.8,88.8,6.7,1.9,101.0,0.31,0.088,0.251,0.308,0.4641861443999204
Jonathan Aranda,1B,72,215,25.8,91.9,16.5,0.4,113.0,0.32,0.084,0.2239999999999999,0.474,-0.34036101573810107
Kris Bryant,DH,77,230,25.7,85.1,4.7,-0.8,69.0,0.287,0.084,0.31,0.2789999999999999,-1.011372634793227
Marcell Ozuna,DH,73,251,25.7,92.1,15.5,4.7,154.0,0.395,0.108,0.247,0.4,1.3556697019568789
Travis d'Arnaud,C,72,210,25.7,89.9,10.4,1.8,103.0,0.319,0.07,0.261,0.3229999999999999,0.39689626105939146
Orlando Arcia,SS,71,187,25.6,88.2,5.3,0.8,72.0,0.273,0.068,0.213,0.313,-0.5911514244915209
J.D. Davis,3B,73,218,25.6,89.1,8.7,-0.4,86.0,0.282,0.076,0.248,0.291,-0.9389919676247077
Ben Rortvedt,C,70,210,25.6,86.2,3.5,1.4,87.0,0.283,0.104,0.268,0.267,0.12773672769727534
Vinnie Pasquantino,1B,75,245,25.6,91.0,7.1,1.5,109.0,0.325,0.072,0.128,0.374,0.39016994487050616
Michael Stefanic,2B,69,180,25.6,85.1,1.1,-0.4,64.0,0.258,0.081,0.161,0.198,-1.3087162398043533
Carson Kelly,C,73,212,25.6,87.6,6.6,1.8,98.0,0.304,0.08,0.176,0.335,0.39689626105939146
Dominic Smith,1B,71,224,25.6,89.3,10.6,0.2,94.0,0.306,0.091,0.248,0.317,-0.4731848267578478
Joc Pederson,1B,73,220,25.5,92.3,12.8,3.0,152.0,0.391,0.122,0.2339999999999999,0.376,1.386348527518607
Joey Meneses,1B,76,235,25.5,88.9,4.5,-1.0,67.0,0.264,0.067,0.201,0.295,-1.2701276928763285
Reese McGuire,C,72,230,25.5,84.0,6.7,0.2,62.0,0.259,0.0819999999999999,0.247,0.25,-0.6797418723890728
Matt Olson,1B,76,225,25.5,91.5,12.4,2.6,117.0,0.339,0.104,0.248,0.359,1.1207009054791133
Miguel Amaya,C,73,230,25.5,88.4,4.7,0.6,82.0,0.283,0.063,0.171,0.296,-0.41058233902695673
Alec Burleson,1B,72,225,25.5,89.7,6.5,0.7,106.0,0.319,0.059,0.128,0.295,-0.14112529920848096
Luke Maile,C,75,225,25.5,84.7,3.5,-0.7,47.0,0.241,0.084,0.3379999999999999,0.2,-1.285350822453834
Donovan Solano,1B,68,210,25.5,87.3,3.7,0.8,117.0,0.333,0.071,0.21,0.288,-0.07471339369860751
Yandy Díaz,1B,72,235,25.4,92.2,7.6,1.9,120.0,0.331,0.081,0.153,0.36,0.6558175669099996
Josh Bell,1B,75,261,25.4,88.9,7.6,-0.1,101.0,0.317,0.085,0.1989999999999999,0.3229999999999999,-0.672420543287468
Kyle Higashioka,C,73,202,25.4,88.4,10.9,1.6,104.0,0.314,0.057,0.281,0.397,0.2623164943783335
Justin Turner,1B,71,208,25.4,87.1,4.6,1.2,116.0,0.327,0.109,0.176,0.293,0.19093422834088597
Nolan Arenado,3B,74,215,25.3,86.3,3.2,3.2,103.0,0.314,0.069,0.145,0.272,1.17903502701749
Corey Seager,SS,76,215,25.3,92.1,15.2,4.6,142.0,0.365,0.099,0.18,0.433,0.8926295703151534
Rhys Hoskins,1B,75,241,25.3,88.7,12.7,0.2,101.0,0.313,0.103,0.288,0.369,-0.4731848267578478
Kyle McCann,C,74,217,25.3,89.6,12.3,0.2,102.0,0.304,0.102,0.376,0.321,-0.6797418723890728
José Abreu,1B,75,250,25.3,87.8,2.3,-1.5,0.0,0.164,0.033,0.233,0.233,-1.6021872204256955
Austin Hedges,C,72,220,25.3,84.8,1.1,0.4,20.0,0.191,0.0409999999999999,0.342,0.253,-0.5451621057080147
Jonah Heim,C,76,220,25.3,88.5,5.9,-0.1,72.0,0.265,0.053,0.183,0.315,-0.8816115224106599
Sean Murphy,C,75,228,25.2,88.0,9.6,0.8,78.0,0.281,0.102,0.254,0.305,-0.27600257234589864
Patrick Bailey,C,72,223,25.2,91.3,5.5,4.3,81.0,0.281,0.087,0.223,0.301,2.079143344572617
Spencer Horwitz,1B,70,204,25.2,88.2,8.0,1.9,127.0,0.344,0.11,0.184,0.309,0.6558175669099996
Eloy Jiménez,OF,76,250,25.2,92.0,7.8,-0.9,78.0,0.276,0.063,0.201,0.341,-0.41296004240962975
LaMonte Wade Jr.,CF,71,215,25.2,90.6,9.4,1.3,119.0,0.337,0.155,0.2239999999999999,0.3389999999999999,-0.09654179227338573
Josh Naylor,1B,70,235,25.2,89.9,8.4,2.3,118.0,0.332,0.092,0.166,0.314,0.921465188949493
James McCann,C,74,235,25.1,87.4,8.6,0.2,88.0,0.288,0.0559999999999999,0.24,0.248,-0.6797418723890728
Ty France,1B,70,215,25.1,88.7,7.3,-0.8,93.0,0.296,0.071,0.213,0.286,-1.1373038818565817
Gio Urshela,3B,72,215,25.1,86.4,4.9,0.7,80.0,0.281,0.05,0.156,0.244,-0.2918170525951474
Luis Campusano,C,70,232,25.0,87.7,4.6,-0.5,83.0,0.282,0.067,0.1369999999999999,0.266,-1.150771055772776
Jose Herrera,C,69,217,25.0,84.5,0.0,0.2,71.0,0.271,0.079,0.237,0.218,-0.6797418723890728
Keibert Ruiz,C,71,238,25.0,85.4,3.2,-0.3,70.0,0.268,0.033,0.111,0.249,-1.0161912890917177
Matt Thaiss,C,71,215,24.9,86.6,8.0,-0.1,84.0,0.286,0.151,0.312,0.23,-0.8816115224106599
Gary Sánchez,C,74,251,24.8,90.0,10.5,0.4,97.0,0.307,0.096,0.271,0.331,-0.5451621057080147
Christian Vázquez,C,68,205,24.8,88.5,3.8,0.7,59.0,0.25,0.035,0.206,0.294,-0.3432924556864277
Tomás Nido,C,72,211,24.7,89.8,12.0,0.1,48.0,0.231,0.036,0.25,0.33,-0.7470317557296017
Alejandro Kirk,C,68,245,24.7,89.4,6.7,2.8,93.0,0.297,0.091,0.132,0.342,1.0697950944646815
Luis Guillorme,3B,70,190,24.7,85.5,2.3,0.1,67.0,0.263,0.123,0.193,0.188,-0.6448215517021803
Matt Carpenter,DH,76,224,24.6,85.8,6.8,-0.2,95.0,0.303,0.096,0.325,0.284,-0.7531498344204882
Giancarlo Stanton,DH,77,245,24.6,94.6,20.7,0.8,117.0,0.33,0.083,0.312,0.442,-0.3227785004659235
Salvador Perez,C,74,255,24.5,91.1,12.2,3.3,117.0,0.335,0.067,0.198,0.362,1.4062445111673267
Anthony Rizzo,1B,75,240,24.5,86.7,4.0,-0.2,85.0,0.285,0.072,0.173,0.241,-0.7388324487973414
Jose Trevino,C,69,215,24.5,88.1,5.3,1.7,85.0,0.284,0.085,0.175,0.2339999999999999,0.3296063777188624
Curt Casali,C,74,220,24.4,83.0,1.1,-0.4,62.0,0.254,0.104,0.176,0.182,-1.0834811724322468
Elias Díaz,C,73,223,24.4,87.1,4.7,0.5,81.0,0.303,0.057,0.1969999999999999,0.275,-0.4778722223674857
Victor Caratini,C,72,225,24.4,91.2,5.6,1.9,113.0,0.324,0.084,0.193,0.292,0.4641861443999204
Willie Calhoun,1B,68,205,24.3,89.0,3.0,0.0,97.0,0.305,0.091,0.122,0.296,-0.6060086377775946
Rowdy Tellez,1B,76,270,24.2,89.4,8.0,-0.4,90.0,0.301,0.074,0.211,0.301,-0.8716562598170882
Triston Casas,1B,76,244,24.1,90.2,13.3,0.6,120.0,0.342,0.123,0.317,0.341,-0.20753720471835432
Wilmer Flores,1B,75,225,24.0,83.5,5.9,-0.7,68.0,0.262,0.083,0.136,0.247,-1.0708919763467082
Jacob Stallings,C,77,225,23.9,86.6,7.2,0.9,113.0,0.353,0.096,0.231,0.3329999999999999,-0.20871268900536966
Yasmani Grandal,C,74,225,23.2,91.1,9.8,1.4,95.0,0.308,0.099,0.1889999999999999,0.358,0.12773672769727534
Martín Maldonado,C,72,230,23.1,88.0,8.0,-1.5,11.0,0.181,0.054,0.347,0.322,-1.8236698891780658
